Metric,Value
Accuracy,0.0853954391072295
Macro Precision,0.06793562527757134
Macro Recall,0.06834231261880498
Macro F1-Score,0.06795690025115189
